<?xml version="1.0"?>
<!DOCTYPE Configure PUBLIC "-//Jetty//Configure//EN" "http://www.eclipse.org/jetty/configure_9_0.dtd">

<Configure id='wac' class="org.eclipse.jetty.webapp.WebAppContext">
	<New id="AgaveJNDI" class="org.eclipse.jetty.plus.jndi.Resource">
		<Arg></Arg>
		<Arg>jdbc/iplant_io</Arg>
		<Arg>
			<New class="com.mchange.v2.c3p0.ComboPooledDataSource">
				<Set name="driverClass">com.mysql.jdbc.Driver</Set>
				<Set name="jdbcUrl">jdbc:mysql://localhost/${foundation.db.database}?sessionVariables=FOREIGN_KEY_CHECKS=0
				</Set>
				<Set name="user">${foundation.db.username}</Set>
				<Set name="password">${foundation.db.password}</Set>
			</New>
		</Arg>
	</New>
</Configure>