<!DOCTYPE hibernate-configuration PUBLIC
        "-//Hibernate/Hibernate Configuration DTD 3.0//EN"
        "http://www.hibernate.org/dtd/hibernate-configuration-3.0.dtd">

<!-- DO NOT EDIT: This is a generated file that is synchronized -->
<!-- by MyEclipse Hibernate tool integration.                   -->
<hibernate-configuration>

    <session-factory>
        <!-- Local JNDI connection properties -->
        <property name="connection.datasource"><![CDATA[${foundation.db.jndi.connection}]]></property>

        <!-- General connection properties -->
        <property name="dialect">org.hibernate.dialect.MySQL5Dialect</property>
        <property name="hibernate.current_session_context_class">thread</property>
        <property name="hibernate.query.factory_class">org.hibernate.hql.ast.ASTQueryTranslatorFactory</property>
        <property name="hibernate.connection.autocommit">false</property>
        <property name="hibernate.cache.use_second_level_cache">false</property>
        <!--<property name="hbm2ddl.auto">update</property>-->
        <property name="hibernate.show_sql">false</property>
        <property name="hibernate.query.substitutions">true 1, false 0</property>
        <property name="connection.autoReconnect">true</property> 
        <property name="connection.autoReconnectForPools">true</property> 
        <property name="connection.is-connection-validation-required">true</property>
		<property name="javax.persistence.validation.mode">none</property>
		
        <!-- configuration pool via c3p0-->
		<property name="c3p0.acquire_increment">1</property>
		<property name="c3p0.idle_test_period">100</property> <!-- seconds -->
		<property name="c3p0.max_size">100</property>
		<property name="c3p0.max_statements">0</property>
		<property name="c3p0.min_size">10</property>
		<property name="c3p0.timeout">100</property> <!-- seconds -->
    </session-factory>

</hibernate-configuration>
